,heating,cooling and ventilation,envelope,lighting,appliances,other component
electricity (BTU),5.77216E+12,3.82058E+11,0.00000E+00,8.70458E+12,3.11945E+13,1.29028E+13
coal (BTU),6.36519E+13,0.00000E+00,0.00000E+00,0.00000E+00,2.12173E+13,0.00000E+00
natural gas (BTU),1.16743E+13,0.00000E+00,0.00000E+00,0.00000E+00,1.05069E+14,0.00000E+00
petroleum diesel (BTU),3.46605E+11,0.00000E+00,0.00000E+00,0.00000E+00,0.00000E+00,0.00000E+00
heat (BTU),2.53562E+14,0.00000E+00,0.00000E+00,0.00000E+00,3.66232E+13,0.00000E+00
biomass (BTU),2.26756E+13,0.00000E+00,0.00000E+00,0.00000E+00,7.55854E+12,0.00000E+00